timestamp,accel_z,latitude,longitude,wave_height
2025-04-24 17:18:52.106821,10.11,37.8631,-122.3132,
2025-04-24 17:18:54.297192,10.07,37.8631,-122.3132,
2025-04-24 17:18:57.090370,10.07,37.8631,-122.3132,
2025-04-24 17:19:00.070693,10.07,37.8631,-122.3132,
2025-04-24 17:19:07.227748,10.08,37.8631,-122.3132,
2025-04-24 17:19:07.483962,10.07,37.8631,-122.3132,
2025-04-24 17:19:08.365910,10.07,37.8631,-122.3132,
2025-04-24 17:19:09.384529,10.07,37.8631,-122.3132,
2025-04-24 17:19:13.238904,10.07,37.8631,-122.3132,
2025-04-24 17:19:14.158883,10.07,37.8631,-122.3132,
2025-04-24 17:19:17.194973,10.04,37.8631,-122.3132,
2025-04-24 17:19:22.193421,10.08,37.8631,-122.3132,
2025-04-24 17:19:22.492360,10.07,37.8631,-122.3132,
2025-04-24 17:19:24.464838,10.02,37.8631,-122.3132,
2025-04-24 17:19:27.259689,10.04,37.8631,-122.3132,
2025-04-24 17:19:28.187657,10.06,37.8631,-122.3132,
2025-04-24 17:19:30.111210,10.06,37.8631,-122.3132,
2025-04-24 17:19:32.216594,10.06,37.8631,-122.3132,
2025-04-24 17:19:37.174787,10.06,37.8631,-122.3132,
2025-04-24 17:19:37.370374,10.07,37.8631,-122.3132,
2025-04-24 17:19:38.292688,10.07,37.8631,-122.3132,
2025-04-24 17:19:39.331342,10.07,37.8631,-122.3132,
2025-04-24 17:19:42.228166,10.07,37.8631,-122.3132,
2025-04-24 17:19:43.256276,10.06,37.8631,-122.3132,
2025-04-24 17:19:44.152301,10.08,37.8631,-122.3132,
2025-04-24 17:19:45.032748,10.07,37.8631,-122.3132,
2025-04-24 17:15:55.502399,10.08,37.8631,-122.3132,
2025-04-24 17:15:57.401135,10.06,37.8631,-122.3132,
2025-04-24 17:15:59.309243,10.04,37.8631,-122.3132,
2025-04-24 17:16:01.795811,10.07,37.8631,-122.3132,
2025-04-24 17:16:06.886753,10.07,37.8631,-122.3132,
2025-04-24 17:16:07.118482,10.05,37.8631,-122.3132,
2025-04-24 17:16:08.077664,10.07,37.8631,-122.3132,
2025-04-24 17:16:08.993961,10.08,37.8631,-122.3132,
2025-04-24 17:16:11.849340,10.08,37.8631,-122.3132,
2025-04-24 17:16:12.827752,10.09,37.8631,-122.3132,
2025-04-24 17:16:13.839662,10.07,37.8631,-122.3132,
2025-04-24 17:16:14.797122,10.07,37.8631,-122.3132,
2025-04-24 17:16:16.848725,10.07,37.8631,-122.3132,
2025-04-24 17:16:21.850022,10.07,37.8631,-122.3132,
2025-04-24 17:16:22.121842,10.07,37.8631,-122.3132,
2025-04-24 17:16:24.035508,10.07,37.8631,-122.3132,
2025-04-24 17:16:26.860591,9.95,37.8631,-122.3132,
2025-04-24 17:16:29.821999,10.05,37.8631,-122.3132,
2025-04-24 17:16:31.828062,10.1,37.8631,-122.3132,
2025-04-24 17:16:36.844167,10.09,37.8631,-122.3132,
2025-04-24 17:16:37.089100,10.07,37.8631,-122.3132,
2025-04-24 17:16:38.030540,10.08,37.8631,-122.3132,
2025-04-24 17:16:39.001795,10.08,37.8631,-122.3132,
2025-04-24 17:16:42.874822,10.06,37.8631,-122.3132,
2025-04-24 17:16:43.789293,10.1,37.8631,-122.3132,
2025-04-24 17:16:46.924294,10.02,37.8631,-122.3132,
2025-04-24 17:17:52.033895,10.06,37.8631,-122.3132,
2025-04-24 17:17:52.267837,10.06,37.8631,-122.3132,
2025-04-24 17:17:54.194267,10.06,37.8631,-122.3132,
2025-04-24 17:17:57.108942,10.08,37.8631,-122.3132,
2025-04-24 17:17:58.027590,10.07,37.8631,-122.3132,
2025-04-24 17:17:59.942807,10.08,37.8631,-122.3132,
2025-04-24 17:18:02.074972,10.08,37.8631,-122.3132,
2025-04-24 17:18:07.132307,10.06,37.8631,-122.3132,
2025-04-24 17:18:07.318258,10.08,37.8631,-122.3132,
2025-04-24 17:18:08.300850,10.08,37.8631,-122.3132,
2025-04-24 17:18:09.240160,10.08,37.8631,-122.3132,
2025-04-24 17:18:13.068384,10.07,37.8631,-122.3132,
2025-04-24 17:18:14.094769,10.07,37.8631,-122.3132,
2025-04-24 17:18:14.975286,10.08,37.8631,-122.3132,
2025-04-24 17:18:22.062003,10.05,37.8631,-122.3132,
2025-04-24 17:18:24.312523,10.04,37.8631,-122.3132,
2025-04-24 17:18:27.130577,10.01,37.8631,-122.3132,
2025-04-24 17:18:29.982287,10.06,37.8631,-122.3132,
2025-04-24 17:18:32.093126,10.04,37.8631,-122.3132,
2025-04-24 17:18:37.088662,10.07,37.8631,-122.3132,
2025-04-24 17:18:37.333515,10.06,37.8631,-122.3132,
2025-04-24 17:18:38.335862,10.04,37.8631,-122.3132,
2025-04-24 17:18:39.279464,10.06,37.8631,-122.3132,
2025-04-24 17:18:43.025277,10.09,37.8631,-122.3132,
2025-04-24 17:18:43.979538,10.07,37.8631,-122.3132,
2025-04-24 17:18:44.981705,10.06,37.8631,-122.3132,
2025-04-24 17:19:52.328592,10.07,37.8631,-122.3132,
2025-04-24 17:19:53.519650,10.07,37.8631,-122.3132,
2025-04-24 17:19:54.401355,10.07,37.8631,-122.3132,
2025-04-24 17:19:57.334914,10.07,37.8631,-122.3132,
2025-04-24 17:20:00.185409,10.07,37.8631,-122.3132,
2025-04-24 17:20:02.269040,10.07,37.8631,-122.3132,
2025-04-24 17:20:07.287088,10.08,37.8631,-122.3132,
2025-04-24 17:20:07.555182,10.06,37.8631,-122.3132,
2025-04-24 17:20:08.531426,10.07,37.8631,-122.3132,
2025-04-24 17:20:09.583814,10.07,37.8631,-122.3132,
2025-04-24 17:20:13.264857,10.07,37.8631,-122.3132,
2025-04-24 17:20:14.242588,10.07,37.8631,-122.3132,
2025-04-24 17:20:15.215387,10.07,37.8631,-122.3132,
2025-04-24 17:20:22.315967,10.06,37.8631,-122.3132,
2025-04-24 17:20:23.451544,10.05,37.8631,-122.3132,
2025-04-24 17:20:24.535243,10.03,37.8631,-122.3132,
2025-04-24 17:20:27.320069,10.08,37.8631,-122.3132,
2025-04-24 17:20:30.168977,10.06,37.8631,-122.3132,
2025-04-24 17:20:32.376033,10.05,37.8631,-122.3132,
2025-04-24 17:20:37.363051,10.09,37.8631,-122.3132,
2025-04-24 17:20:37.632393,10.01,37.8631,-122.3132,6.384599999999991
2025-04-24 17:20:38.450683,10.02,37.8631,-122.3132,6.382799999999992
2025-04-24 17:20:39.429235,10.08,37.8631,-122.3132,6.380899999999992
2025-04-24 17:20:43.371349,10.07,37.8631,-122.3132,6.379999999999992
2025-04-24 17:20:44.302060,10.06,37.8631,-122.3132,6.379199999999992
2025-04-24 17:20:45.291542,10.05,37.8631,-122.3132,6.378399999999991
2025-04-24 17:16:51.914312,10.07,37.8631,-122.3132,6.3778999999999915
2025-04-24 17:16:54.506111,10.04,37.8631,-122.3132,6.376899999999991
2025-04-24 17:16:56.991318,10.05,37.8631,-122.3132,6.375699999999991
2025-04-24 17:17:00.342915,10.06,37.8631,-122.3132,6.374199999999992
2025-04-24 17:17:02.012028,10.07,37.8631,-122.3132,6.372499999999992
2025-04-24 17:17:06.953501,10.07,37.8631,-122.3132,6.370999999999992
2025-04-24 17:17:07.188286,9.99,37.8631,-122.3132,6.368199999999991
2025-04-24 17:17:08.219678,10.05,37.8631,-122.3132,6.365099999999991
2025-04-24 17:17:09.150503,10.07,37.8631,-122.3132,6.361799999999992
2025-04-24 17:17:12.823268,10.07,37.8631,-122.3132,6.357999999999992
2025-04-24 17:17:13.860063,10.07,37.8631,-122.3132,6.353899999999991
2025-04-24 17:17:14.806187,10.08,37.8631,-122.3132,6.349599999999992
2025-04-24 17:17:16.943969,10.07,37.8631,-122.3132,6.345599999999991
2025-04-24 17:17:22.040944,10.05,37.8631,-122.3132,6.341899999999992
2025-04-24 17:17:22.191002,10.03,37.8631,-122.3132,6.338899999999992
2025-04-24 17:17:24.125011,10.06,37.8631,-122.3132,6.335999999999991
2025-04-24 17:17:27.966336,10.08,37.8631,-122.3132,6.333799999999991
2025-04-24 17:17:29.960040,10.06,37.8631,-122.3132,6.331499999999992
2025-04-24 17:17:31.963601,10.07,37.8631,-122.3132,6.329399999999992
2025-04-24 17:17:36.988220,10.03,37.8631,-122.3132,6.327399999999992
2025-04-24 17:17:37.178686,10.03,37.8631,-122.3132,6.3252999999999915
2025-04-24 17:17:38.161500,10.05,37.8631,-122.3132,6.3225999999999924
2025-04-24 17:17:39.092500,10.05,37.8631,-122.3132,6.319799999999992
2025-04-24 17:17:41.982073,10.07,37.8631,-122.3132,6.317099999999992
2025-04-24 17:17:43.411201,10.07,37.8631,-122.3132,6.314099999999992
2025-04-24 17:17:43.953704,10.05,37.8631,-122.3132,6.310899999999992
2025-04-24 17:17:44.904257,10.05,37.8631,-122.3132,6.307499999999992
2025-04-24 17:17:47.018538,9.84,37.8631,-122.3132,6.301599999999992
2025-04-24 17:20:52.417586,10.05,37.8631,-122.3132,6.295499999999992
2025-04-24 17:20:53.585562,10.08,37.8631,-122.3132,6.289599999999992
2025-04-24 17:20:54.577569,10.05,37.8631,-122.3132,6.283399999999992
2025-04-24 17:20:57.395980,10.05,37.8631,-122.3132,6.277399999999993
2025-04-24 17:21:00.220373,10.05,37.8631,-122.3132,6.271199999999992
2025-04-24 17:21:02.458799,10.04,37.8631,-122.3132,6.264699999999992
2025-04-24 17:21:07.408428,10.04,37.8631,-122.3132,6.257899999999993
2025-04-24 17:21:07.593842,10.07,37.8631,-122.3132,6.251099999999992
2025-04-24 17:21:08.594626,10.03,37.8631,-122.3132,6.243899999999992
2025-04-24 17:21:09.547799,10.06,37.8631,-122.3132,6.236799999999993
2025-04-24 17:21:13.422625,10.07,37.8631,-122.3132,6.228899999999993
2025-04-24 17:21:14.345934,10.06,37.8631,-122.3132,6.221499999999994
2025-04-24 17:21:17.376626,10.08,37.8631,-122.3132,6.214299999999993
2025-04-24 17:21:22.419754,10.07,37.8631,-122.3132,6.2074999999999925
2025-04-24 17:21:23.540811,10.04,37.8631,-122.3132,6.200799999999992
2025-04-24 17:21:24.491600,10.06,37.8631,-122.3132,6.193699999999993
2025-04-24 17:21:27.480381,10.05,37.8631,-122.3132,6.187699999999993
2025-04-24 17:21:30.463340,10.08,37.8631,-122.3132,6.1826999999999925
2025-04-24 17:21:37.506682,10.07,37.8631,-122.3132,6.177799999999992
2025-04-24 17:21:37.733049,10.07,37.8631,-122.3132,6.172399999999993
2025-04-24 17:21:38.698638,10.07,37.8631,-122.3132,6.1670999999999925
2025-04-24 17:21:42.489962,10.08,37.8631,-122.3132,6.162199999999993
2025-04-24 17:21:43.498343,10.06,37.8631,-122.3132,6.157099999999994
2025-04-24 17:21:44.409439,10.07,37.8631,-122.3132,6.152699999999993
2025-04-24 17:21:45.456805,10.07,37.8631,-122.3132,6.148699999999993
2025-04-24 17:21:52.480071,10.07,37.8631,-122.3132,6.1449999999999925
2025-04-24 17:21:53.681214,10.07,37.8631,-122.3132,6.141399999999993
2025-04-24 17:21:57.468375,10.06,37.8631,-122.3132,6.137599999999993
2025-04-24 17:21:59.526820,10.08,37.8631,-122.3132,6.135599999999994
2025-04-24 17:22:00.414700,10.07,37.8631,-122.3132,6.134099999999993
2025-04-24 17:22:02.464541,10.08,37.8631,-122.3132,6.132799999999993
2025-04-24 17:22:07.481762,10.08,37.8631,-122.3132,6.1315999999999935
2025-04-24 17:22:07.701936,10.05,37.8631,-122.3132,6.130199999999993
2025-04-24 17:22:08.710086,10.06,37.8631,-122.3132,6.128599999999993
2025-04-24 17:22:09.695713,10.05,37.8631,-122.3132,6.126599999999994
2025-04-24 17:22:13.529611,10.07,37.8631,-122.3132,6.124699999999993
2025-04-24 17:22:14.367642,10.06,37.8631,-122.3132,6.1228999999999925
2025-04-24 17:22:15.381594,10.06,37.8631,-122.3132,6.121099999999993
2025-04-24 17:22:22.557773,10.06,37.8631,-122.3132,6.118699999999993
2025-04-24 17:22:23.716143,10.06,37.8631,-122.3132,6.116399999999993
2025-04-24 17:22:24.684546,10.06,37.8631,-122.3132,6.113899999999993
2025-04-24 17:22:27.493081,10.03,37.8631,-122.3132,6.111499999999993
2025-04-24 17:22:29.488988,10.0,37.8631,-122.3132,6.1090999999999935
2025-04-24 17:22:30.527430,9.98,37.8631,-122.3132,6.106399999999994
2025-04-24 17:22:32.619899,10.14,37.8631,-122.3132,6.104799999999994
2025-04-24 17:22:37.578713,10.06,37.8631,-122.3132,6.102999999999993
2025-04-24 17:22:37.782916,10.06,37.8631,-122.3132,6.1010999999999935
2025-04-24 17:22:38.749777,10.01,37.8631,-122.3132,6.098999999999994
2025-04-24 17:22:39.740598,10.07,37.8631,-122.3132,6.0972999999999935
2025-04-24 17:22:43.580773,10.07,37.8631,-122.3132,6.100199999999993
2025-04-24 17:22:44.514109,10.06,37.8631,-122.3132,6.1033999999999935
2025-04-24 17:22:45.486861,10.04,37.8631,-122.3132,6.106099999999993
2025-04-24 17:22:52.563793,10.06,37.8631,-122.3132,6.109199999999993
2025-04-24 17:22:53.782463,10.06,37.8631,-122.3132,6.112499999999993
2025-04-24 17:22:54.756854,10.06,37.8631,-122.3132,6.116099999999994
2025-04-24 17:22:57.599431,10.09,37.8631,-122.3132,6.120499999999994
2025-04-24 17:22:59.506952,10.07,37.8631,-122.3132,6.1254999999999935
2025-04-24 17:23:00.446117,10.06,37.8631,-122.3132,6.130399999999994
2025-04-24 17:23:02.612696,10.06,37.8631,-122.3132,6.135999999999994
2025-04-24 17:23:07.557331,10.06,37.8631,-122.3132,6.141599999999994
2025-04-24 17:23:07.783493,10.05,37.8631,-122.3132,6.146799999999994
2025-04-24 17:23:08.767656,10.06,37.8631,-122.3132,6.151699999999993
2025-04-24 17:23:09.737995,10.07,37.8631,-122.3132,6.156499999999994
2025-04-24 17:23:13.606063,10.07,37.8631,-122.3132,6.161199999999994
2025-04-24 17:23:14.644412,10.06,37.8631,-122.3132,6.166199999999994
2025-04-24 17:23:15.551563,10.06,37.8631,-122.3132,6.171499999999994
2025-04-24 17:23:22.624613,10.06,37.8631,-122.3132,6.176499999999994
2025-04-24 17:23:23.803840,10.05,37.8631,-122.3132,6.180599999999994
2025-04-24 17:23:24.750259,9.99,37.8631,-122.3132,6.183999999999995
2025-04-24 17:23:27.719716,10.08,37.8631,-122.3132,6.187499999999995
2025-04-24 17:23:29.612664,10.04,37.8631,-122.3132,6.1905999999999946
2025-04-24 17:23:32.788179,10.07,37.8631,-122.3132,6.1932999999999945
2025-04-24 17:23:37.894100,10.1,37.8631,-122.3132,6.196499999999994
2025-04-24 17:23:38.923583,10.06,37.8631,-122.3132,6.199299999999995
2025-04-24 17:23:43.731304,10.06,37.8631,-122.3132,6.201799999999994
2025-04-24 17:23:44.622964,10.07,37.8631,-122.3132,6.204199999999995
2025-04-24 17:23:45.635024,10.08,37.8631,-122.3132,6.206699999999994
2025-04-24 17:23:52.745270,10.08,37.8631,-122.3132,6.209499999999994
2025-04-24 17:23:53.925420,10.07,37.8631,-122.3132,6.211299999999994
2025-04-24 17:23:54.863626,10.08,37.8631,-122.3132,6.212999999999995
2025-04-24 17:23:57.771134,10.07,37.8631,-122.3132,6.214499999999994
2025-04-24 17:23:59.696354,10.08,37.8631,-122.3132,6.215899999999995
2025-04-24 17:24:00.632055,10.07,37.8631,-122.3132,6.2176999999999945
2025-04-24 17:24:02.803117,10.08,37.8631,-122.3132,6.219899999999995
2025-04-24 17:24:07.745647,10.06,37.8631,-122.3132,6.222399999999995
2025-04-24 17:24:07.977102,10.07,37.8631,-122.3132,6.224699999999995
2025-04-24 17:24:08.947710,10.06,37.8631,-122.3132,6.226699999999995
2025-04-24 17:24:09.878617,10.07,37.8631,-122.3132,6.228799999999994
2025-04-24 17:24:13.759978,10.07,37.8631,-122.3132,6.231199999999995
2025-04-24 17:24:14.708255,10.07,37.8631,-122.3132,6.2336999999999945
2025-04-24 17:24:15.596461,10.07,37.8631,-122.3132,6.236399999999994
2025-04-24 17:24:22.804436,10.07,37.8631,-122.3132,6.239499999999994
2025-04-24 17:24:23.978777,10.07,37.8631,-122.3132,6.2435999999999945
2025-04-24 17:24:24.893833,10.08,37.8631,-122.3132,6.249399999999994
2025-04-24 17:24:27.842213,10.07,37.8631,-122.3132,6.253599999999994
2025-04-24 17:24:41.811747,0.0,0.0,0.0,6.157299999999995
2025-04-24 17:24:43.699778,0.0,37.8631,-122.3132,5.960499999999994
2025-04-24 17:24:45.593246,10.06,37.8631,-122.3132,5.764599999999994
2025-04-24 17:24:47.469011,10.07,37.8631,-122.3132,5.568499999999995
2025-04-24 17:24:52.819508,10.08,37.8631,-122.3132,5.370199999999995
2025-04-24 17:24:53.061325,10.07,37.8631,-122.3132,5.171899999999995
2025-04-24 17:24:57.875258,10.05,37.8631,-122.3132,4.974099999999995
2025-04-24 17:24:58.840924,10.1,37.8631,-122.3132,4.776599999999994
2025-04-24 17:24:59.793416,10.07,37.8631,-122.3132,4.579099999999995
2025-04-24 17:25:00.781035,10.06,37.8631,-122.3132,4.381499999999994
2025-04-24 17:25:01.671567,10.07,37.8631,-122.3132,4.183199999999995
2025-04-24 17:25:08.158647,10.05,37.8631,-122.3132,3.9843999999999946
2025-04-24 17:25:10.012117,10.05,37.8631,-122.3132,3.7855999999999943
2025-04-24 17:25:12.881572,10.07,37.8631,-122.3132,3.586599999999995
2025-04-24 17:25:13.810703,10.06,37.8631,-122.3132,3.387599999999994
2025-04-24 17:25:16.649043,10.07,37.8631,-122.3132,3.188999999999995
2025-04-24 17:25:22.945408,10.1,37.8631,-122.3132,2.990799999999995
2025-04-24 17:25:24.163213,10.06,37.8631,-122.3133,2.792599999999995
2025-04-24 17:25:25.097194,10.06,37.8631,-122.3133,2.5942999999999947
2025-04-24 17:25:27.962664,10.1,37.8631,-122.3133,2.396199999999994
2025-04-24 17:25:28.978489,10.06,37.8631,-122.3133,2.1980999999999944
2025-04-24 17:25:29.942939,10.07,37.8631,-122.3133,1.9999999999999942
2025-04-24 17:25:30.889767,10.07,37.8631,-122.3133,1.8023999999999945
2025-04-24 17:25:31.856678,10.08,37.8631,-122.3133,1.6064999999999945
2025-04-24 17:25:38.224497,10.08,37.8631,-122.3133,1.4104999999999943
2025-04-24 17:25:40.113783,10.07,37.8631,-122.3133,1.2150999999999943
2025-04-24 17:25:43.038701,10.08,37.8631,-122.3133,1.019899999999994
2025-04-24 17:25:43.979120,10.06,37.8631,-122.3133,0.8238999999999942
2025-04-24 17:25:46.832172,10.07,37.8631,-122.3133,0.6280999999999942
2025-04-24 17:25:53.011829,10.04,37.8631,-122.3133,0.43219999999999414
2025-04-24 17:25:54.183727,10.07,37.8631,-122.3133,0.2362999999999941
2025-04-24 17:25:55.161123,10.07,37.8631,-122.3133,0.04019999999999409
2025-04-24 17:25:58.928582,10.06,37.8631,-122.3133,-0.15630000000000593
2025-04-24 17:25:59.891561,10.07,37.8631,-122.3133,-0.35270000000000595
2025-04-24 17:26:00.824458,10.08,37.8631,-122.3133,-0.5492000000000059
2025-04-24 17:26:01.739344,10.07,37.8631,-122.3133,-0.745600000000006
2025-04-24 17:26:08.157593,10.08,37.8631,-122.3133,-0.942000000000006
2025-04-24 17:26:10.112697,10.08,37.8631,-122.3133,-1.138500000000006
2025-04-24 17:26:13.952481,10.07,37.8631,-122.3133,-1.335300000000006
2025-04-24 17:26:15.933174,10.07,37.8631,-122.3133,-1.5321000000000062
2025-04-24 17:26:16.886146,10.07,37.8631,-122.3133,-1.7289000000000059
2025-04-24 17:26:23.056716,10.06,37.8631,-122.3133,-1.9257000000000062
2025-04-24 17:26:24.217352,10.05,37.8631,-122.3133,-2.122800000000006
2025-04-24 17:26:28.066494,10.07,37.8631,-122.3133,-2.320000000000006
2025-04-24 17:26:29.080433,10.05,37.8631,-122.3133,-2.5175000000000063
2025-04-24 17:26:30.077338,10.08,37.8631,-122.3133,-2.715000000000006
2025-04-24 17:26:31.013129,10.07,37.8631,-122.3133,-2.9129000000000063
2025-04-24 17:26:31.934419,10.09,37.8631,-122.3133,-3.111300000000006
2025-04-24 17:26:38.283246,10.06,37.8631,-122.3133,-3.3109000000000064
2025-04-24 17:26:40.150069,10.05,37.8631,-122.3133,-3.5100000000000064
2025-04-24 17:26:43.119880,10.06,37.8631,-122.3133,-3.5079000000000056
2025-04-24 17:26:44.036122,10.07,37.8631,-122.3133,-3.3045000000000058
2025-04-24 17:26:46.014701,10.07,37.8631,-122.3132,-3.101500000000006
2025-04-24 17:26:46.955050,10.06,37.8631,-122.3132,-2.8986000000000063
2025-04-24 17:26:53.103302,10.06,37.8631,-122.3132,-2.696000000000006
2025-04-24 17:26:54.317801,10.06,37.8631,-122.3132,-2.493600000000006
2025-04-24 17:26:55.264069,10.05,37.8631,-122.3132,-2.291300000000006
2025-04-24 17:26:58.152454,10.04,37.8631,-122.3132,-2.090000000000006
2025-04-24 17:26:59.088218,10.06,37.8631,-122.3132,-1.888900000000006
2025-04-24 17:27:00.113074,10.07,37.8631,-122.3132,-1.687700000000006
2025-04-24 17:27:01.046483,10.07,37.8631,-122.3132,-1.4863000000000062
2025-04-24 17:27:02.012948,10.09,37.8631,-122.3132,-1.284300000000006
2025-04-24 17:27:08.351866,10.1,37.8631,-122.3132,-1.081700000000006
2025-04-24 17:27:10.236932,10.09,37.8631,-122.3132,-0.879000000000006
2025-04-24 17:27:13.179564,10.08,37.8631,-122.3132,-0.676100000000006
2025-04-24 17:27:14.061711,10.07,37.8631,-122.3132,-0.47340000000000615
2025-04-24 17:27:16.030021,10.11,37.8631,-122.3132,-0.2710000000000061
2025-04-24 17:27:17.111339,10.08,37.8631,-122.3132,-0.06830000000000616
2025-04-24 17:27:23.104468,10.07,37.8631,-122.3132,0.13459999999999384
2025-04-24 17:27:23.290325,10.06,37.8631,-122.3132,0.33669999999999384
2025-04-24 17:27:24.290899,10.05,37.8631,-122.3132,0.5386999999999937
2025-04-24 17:27:25.280809,10.06,37.8631,-122.3132,0.7404999999999938
2025-04-24 17:27:28.187795,10.05,37.8631,-122.3132,0.9418999999999939
2025-04-24 17:27:29.165187,10.08,37.8631,-122.3132,1.1423999999999936
2025-04-24 17:27:30.085457,10.07,37.8631,-122.3132,1.3427999999999938
2025-04-24 17:27:31.068325,10.07,37.8631,-122.3132,1.5428999999999937
2025-04-24 17:27:32.088519,10.07,37.8631,-122.3132,1.7427999999999941
2025-04-24 17:27:38.400061,10.06,37.8631,-122.3132,1.9430999999999936
2025-04-24 17:27:40.313003,10.05,37.8631,-122.3132,2.143099999999994
2025-04-24 17:27:46.084797,10.05,37.8631,-122.3132,2.3433999999999937
2025-04-24 17:27:54.436064,10.07,37.8631,-122.3132,2.5436999999999936
2025-04-24 17:27:55.382624,10.08,37.8631,-122.3132,2.744199999999994
2025-04-24 17:27:59.164469,10.07,37.8631,-122.3132,2.944999999999994
2025-04-24 17:28:00.664449,10.07,37.8631,-122.3132,3.1457999999999937
2025-04-24 17:28:01.082206,10.05,37.8631,-122.3132,3.3462999999999945
2025-04-24 17:28:01.998297,10.06,37.8631,-122.3132,3.546699999999994
2025-04-24 17:28:08.446717,10.07,37.8631,-122.3132,3.746999999999994
2025-04-24 17:28:10.415231,10.07,37.8631,-122.3132,3.947099999999994
2025-04-24 17:28:13.231869,10.07,37.8631,-122.3132,4.147299999999994
2025-04-24 17:28:14.674982,10.05,37.8631,-122.3132,4.347199999999995
2025-04-24 17:28:16.065018,10.12,37.8631,-122.3132,4.547599999999994
2025-04-24 17:28:17.038768,10.09,37.8631,-122.3132,4.748299999999994
2025-04-24 17:28:23.285541,10.07,37.8631,-122.3132,4.9493999999999945
2025-04-24 17:28:23.482237,10.06,37.8631,-122.3132,5.150399999999994
2025-04-24 17:28:25.405497,9.7,37.8631,-122.3132,5.348099999999994
2025-04-24 17:28:28.270421,10.09,37.8631,-122.3132,5.5457999999999945
2025-04-24 17:28:29.260232,10.07,37.8631,-122.3132,5.743499999999994
2025-04-24 17:28:30.638119,10.08,37.8631,-122.3132,5.940899999999994
2025-04-24 17:28:31.144763,10.07,37.8631,-122.3132,6.138599999999994
2025-04-24 17:28:32.218936,10.07,37.8631,-122.3132,6.336699999999994
2025-04-24 17:28:38.542854,10.08,37.8631,-122.3132,6.434399999999994
2025-04-24 17:28:40.464535,10.03,37.8631,-122.3132,6.430999999999995
2025-04-24 17:28:43.290883,10.05,37.8631,-122.3132,6.427299999999994
2025-04-24 17:28:44.234948,10.07,37.8631,-122.3132,6.423799999999995
2025-04-24 17:28:46.181348,10.07,37.8631,-122.3132,6.420599999999993
2025-04-24 17:35:42.267132,10.06,37.8631,-122.3132,6.417499999999994
2025-04-24 17:35:44.111872,10.05,37.8631,-122.3132,6.414399999999993
2025-04-24 17:35:46.090169,10.05,37.8631,-122.3132,6.411999999999994
2025-04-24 17:35:47.967966,10.06,37.8631,-122.3132,6.409699999999994
2025-04-24 17:35:55.827441,10.07,37.8631,-122.3132,6.407299999999994
2025-04-24 17:35:56.324391,10.06,37.8631,-122.3132,6.4047999999999945
2025-04-24 17:36:00.122540,10.06,37.8631,-122.3132,6.401599999999993
2025-04-24 17:36:01.117152,10.05,37.8631,-122.3132,6.397399999999994
2025-04-24 17:36:02.069707,10.04,37.8631,-122.3132,6.392499999999994
2025-04-24 17:36:09.484140,10.07,37.8631,-122.3132,6.387299999999994
2025-04-24 17:36:10.406094,10.05,37.8631,-122.3132,6.381899999999994
2025-04-24 17:36:11.350878,10.07,37.8631,-122.3132,6.375999999999994
2025-04-24 17:36:14.214316,10.05,37.8631,-122.3132,6.369599999999994
2025-04-24 17:36:17.093897,10.05,37.8631,-122.3132,6.3628999999999944
2025-04-24 17:36:18.118837,10.05,37.8631,-122.3132,6.356499999999994
2025-04-24 17:36:24.230628,10.05,37.8631,-122.3132,6.350199999999994
2025-04-24 17:36:24.482018,10.04,37.8631,-122.3132,6.3437999999999946
2025-04-24 17:36:25.408969,10.07,37.8631,-122.3132,6.337799999999994
2025-04-24 17:36:26.432215,10.08,37.8631,-122.3132,6.331799999999995
2025-04-24 17:36:30.157137,10.06,37.8631,-122.3132,6.325799999999995
2025-04-24 17:36:31.078574,10.52,37.8631,-122.3132,6.324299999999994
2025-04-24 17:36:32.056393,10.11,37.8631,-122.3132,6.323299999999994
2025-04-24 17:36:39.490384,9.45,37.8631,-122.3133,6.316199999999994
2025-04-24 17:36:40.505495,9.7,37.8631,-122.3133,6.305799999999994
2025-04-24 17:36:41.410822,9.56,37.8631,-122.3133,6.290399999999994
2025-04-24 17:36:44.277717,9.12,37.8631,-122.3133,6.265499999999994
2025-04-24 17:36:47.147218,11.72,37.8629,-122.3133,6.256899999999994
2025-04-24 17:36:48.118220,8.58,37.8629,-122.3133,6.2332999999999945
2025-04-24 17:36:54.298565,10.7,37.8629,-122.3133,6.215999999999994
2025-04-24 17:36:54.504396,10.75,37.8629,-122.3133,6.205999999999994
2025-04-24 17:36:55.502962,9.82,37.8629,-122.3133,6.193699999999994
2025-04-24 17:36:56.428676,10.1,37.8629,-122.3133,6.181799999999994
2025-04-24 17:37:00.268578,10.54,37.8629,-122.3132,6.174699999999993
2025-04-24 17:37:01.270922,10.21,37.8629,-122.3132,6.168999999999993
2025-04-24 17:37:02.211771,9.33,37.8629,-122.3132,6.156299999999993
2025-04-24 17:37:10.427265,9.32,37.8629,-122.3132,6.135099999999993
2025-04-24 17:37:11.430596,9.55,37.8629,-122.3132,6.108199999999993
2025-04-24 17:37:14.416202,9.99,37.8629,-122.3132,6.080299999999993
2025-04-24 17:37:16.364483,10.97,37.8629,-122.3132,6.061599999999993
2025-04-24 17:37:17.271934,10.04,37.8629,-122.3132,6.049799999999992
2025-04-24 17:37:18.268488,9.22,37.8629,-122.3132,6.029199999999993
2025-04-24 17:37:24.437795,9.54,37.8629,-122.3132,6.003299999999993
2025-04-24 17:37:24.677554,9.77,37.8629,-122.3132,5.974399999999993
2025-04-24 17:37:25.627309,10.5,37.8629,-122.3132,5.949699999999993
2025-04-24 17:37:30.299690,10.39,37.8629,-122.3132,5.927999999999993
2025-04-24 17:37:31.300809,10.33,37.8629,-122.3132,5.908599999999993
2025-04-24 17:37:32.240812,10.17,37.8629,-122.3132,5.890999999999993
2025-04-24 17:37:39.645379,9.81,37.8629,-122.3132,5.871199999999993
2025-04-24 17:37:40.593504,10.35,37.8629,-122.3132,5.854099999999993
2025-04-24 17:37:41.543835,9.96,37.8629,-122.3132,5.835799999999993
2025-04-24 17:37:44.404572,9.08,37.8629,-122.3132,5.8076999999999925
2025-04-24 17:37:46.424532,10.79,37.8629,-122.3132,5.786999999999993
2025-04-24 17:37:47.400440,10.11,37.8629,-122.3132,5.766799999999993
2025-04-24 17:37:48.324692,9.88,37.8629,-122.3132,5.744799999999993
2025-04-24 17:37:54.454285,9.94,37.8629,-122.3132,5.721499999999992
2025-04-24 17:37:54.655851,9.09,37.8629,-122.3132,5.688599999999992
2025-04-24 17:37:55.648037,10.41,37.8629,-122.3132,5.659499999999992
2025-04-24 17:38:00.389176,11.28,37.8629,-122.3132,5.643199999999992
2025-04-24 17:38:01.425626,9.54,37.8629,-122.3132,5.622399999999992
2025-04-24 17:38:02.340554,9.14,37.8629,-122.3132,5.5923999999999925
2025-04-24 17:38:09.509822,9.51,37.8629,-122.3132,5.557199999999992
2025-04-24 17:38:09.677232,9.37,37.8629,-122.3132,5.515399999999992
2025-04-24 17:38:11.112773,8.48,37.8629,-122.3132,5.458199999999992
2025-04-24 17:38:11.686521,8.48,37.8629,-122.3132,5.3854999999999915
2025-04-24 17:38:14.472786,9.19,37.8629,-122.3132,5.304299999999992
2025-04-24 17:38:16.354450,8.54,37.8629,-122.3132,5.207999999999991
2025-04-24 17:38:17.312753,8.93,37.8629,-122.3132,5.100799999999991
2025-04-24 17:38:18.200303,9.36,37.8629,-122.3132,4.986299999999991
2025-04-24 17:38:24.453727,7.93,37.8629,-122.3132,4.85029999999999
2025-04-24 17:38:24.632303,8.77,37.8629,-122.3132,4.70149999999999
2025-04-24 17:38:25.521516,9.14,37.8629,-122.3132,4.53439999999999
2025-04-24 17:38:26.511917,10.11,37.8629,-122.3132,4.36689999999999
2025-04-24 17:38:30.529347,9.04,37.8629,-122.3132,4.20139999999999
2025-04-24 17:38:31.486311,9.66,37.8629,-122.3132,4.038999999999989
2025-04-24 17:38:32.494636,9.87,37.8629,-122.3132,3.884599999999989
2025-04-24 17:38:39.525360,10.54,37.8629,-122.3132,3.7538999999999896
2025-04-24 17:38:39.752083,10.52,37.8629,-122.3132,3.5947999999999896
2025-04-24 17:38:40.744959,8.33,37.8629,-122.3132,3.448099999999988
2025-04-24 17:38:41.633307,6.83,37.8629,-122.3132,3.2563999999999886
2025-04-24 17:38:44.483439,7.81,37.8629,-122.3132,3.0282999999999882
2025-04-24 17:38:46.446336,8.87,37.8629,-122.3131,2.7930999999999884
2025-04-24 17:38:47.371509,9.51,37.8629,-122.3131,2.551699999999988
2025-04-24 17:38:48.293538,8.79,37.8629,-122.3131,2.288099999999988
2025-04-24 17:38:54.527492,9.62,37.8629,-122.3131,2.0171999999999874
2025-04-24 17:38:54.718509,8.58,37.8629,-122.3131,1.7459999999999876
2025-04-24 17:38:55.760914,8.58,37.8629,-122.3131,1.4753999999999876
2025-04-24 17:38:56.688596,9.17,37.8629,-122.3131,1.2063999999999873
2025-04-24 17:39:00.476167,9.22,37.8629,-122.3131,0.9304999999999872
2025-04-24 17:39:01.406606,8.41,37.8629,-122.3131,0.6198999999999868
2025-04-24 17:39:09.549265,8.49,37.8628,-122.3131,0.2903999999999867
2025-04-24 17:39:10.789106,9.25,37.8628,-122.3131,-0.03010000000001347
2025-04-24 17:39:11.622508,10.25,37.8628,-122.3131,-0.33820000000001366
2025-04-24 17:39:14.594025,8.88,37.8628,-122.3131,-0.6521000000000138
2025-04-24 17:39:16.427042,8.37,37.8628,-122.3131,-0.9916000000000139
2025-04-24 17:39:17.823612,9.36,37.8628,-122.3131,-1.344600000000014
2025-04-24 17:39:18.383199,9.3,37.8628,-122.3131,-1.7104000000000141
2025-04-24 17:39:24.804999,8.22,37.8628,-122.3131,-2.0971000000000144
2025-04-24 17:39:25.810318,7.57,37.8628,-122.3131,-2.5038000000000147
2025-04-24 17:39:30.620960,8.64,37.8628,-122.3131,-2.9304000000000148
2025-04-24 17:39:31.570437,9.42,37.8628,-122.3131,-3.361300000000015
2025-04-24 17:39:39.699939,9.49,37.8628,-122.3131,-3.778300000000015
2025-04-24 17:39:39.863863,8.56,37.8628,-122.3131,-4.225000000000015
2025-04-24 17:39:40.852170,7.65,37.8628,-122.3131,-4.696900000000015
2025-04-24 17:39:41.793734,8.86,37.8628,-122.3131,-5.177200000000015
2025-04-24 17:39:44.675946,8.57,37.8628,-122.3131,-5.669900000000014
2025-04-24 17:39:46.717284,7.61,37.8628,-122.3131,-6.167700000000016
2025-04-24 17:39:47.686222,7.42,37.8628,-122.3131,-6.698900000000014
2025-04-24 17:39:54.708954,9.19,37.8628,-122.3131,-7.263300000000015
2025-04-24 17:39:54.905060,9.6,37.8628,-122.3131,-7.822100000000016
2025-04-24 17:39:55.855198,10.05,37.8628,-122.3131,-8.362500000000015
2025-04-24 17:40:00.695832,9.09,37.8628,-122.3131,-8.901700000000016
2025-04-24 17:40:01.608511,8.48,37.8628,-122.3131,-9.442800000000016
2025-04-24 17:40:02.588404,8.58,37.8628,-122.3131,-9.967200000000016
2025-04-24 17:40:09.790731,9.61,37.8628,-122.3131,-10.464600000000015
2025-04-24 17:40:09.943057,8.95,37.8628,-122.3131,-10.955800000000016
2025-04-24 17:40:11.309406,8.73,37.8628,-122.3131,-11.430000000000016
2025-04-24 17:40:11.864037,8.15,37.8628,-122.3131,-11.900900000000016
2025-04-24 17:40:14.747085,9.11,37.8628,-122.3131,-12.367200000000015
2025-04-24 17:40:16.660050,9.76,37.8628,-122.3131,-12.793700000000015
2025-04-24 17:40:18.120715,9.67,37.8628,-122.3131,-13.198300000000017
2025-04-24 17:40:18.638892,10.8,37.8628,-122.3131,-13.572500000000016
2025-04-24 17:40:24.731253,9.29,37.8628,-122.3131,-13.954900000000015
2025-04-24 17:40:24.934823,10.52,37.8628,-122.3131,-14.318400000000016
2025-04-24 17:40:25.870378,10.67,37.8628,-122.3131,-14.671400000000016
2025-04-24 17:40:26.854720,9.87,37.8628,-122.3131,-15.027500000000014
2025-04-24 17:40:30.753249,9.76,37.8628,-122.3131,-15.405600000000016
2025-04-24 17:40:31.748944,9.91,37.8628,-122.3131,-15.777800000000013
2025-04-24 17:40:32.703521,10.9,37.8628,-122.3131,-16.121800000000015
2025-04-24 17:40:39.842097,10.3,37.8627,-122.3131,-16.392400000000016
2025-04-24 17:40:40.073055,9.52,37.8627,-122.3131,-16.616500000000016
2025-04-24 17:40:40.922233,10.89,37.8627,-122.3131,-16.810900000000014
2025-04-24 17:40:41.883941,8.63,37.8627,-122.3131,-17.008200000000013
2025-04-24 17:40:44.800333,8.01,37.8627,-122.3131,-17.195800000000013
2025-04-24 17:40:46.822192,9.78,37.8627,-122.3131,-17.375900000000012
2025-04-24 17:40:47.761969,8.93,37.8627,-122.3131,-17.545000000000012
2025-04-24 17:40:48.765544,9.06,37.8627,-122.3131,-17.701900000000016
2025-04-24 17:40:54.884434,8.58,37.8627,-122.3131,-17.860900000000015
2025-04-24 17:40:55.012348,7.23,37.8627,-122.3131,-18.032100000000014
2025-04-24 17:40:56.454112,8.15,37.8627,-122.3131,-18.180300000000013
2025-04-24 17:41:00.804239,8.57,37.8627,-122.3131,-18.312200000000015
2025-04-24 17:41:01.834365,9.75,37.8627,-122.3131,-18.439400000000013
2025-04-24 17:41:09.841116,10.23,37.8627,-122.3131,-18.573900000000013
2025-04-24 17:41:11.056844,10.51,37.8627,-122.3131,-18.683200000000014
2025-04-24 17:41:11.993511,10.62,37.8627,-122.3131,-18.748700000000014
2025-04-24 17:41:14.905639,10.52,37.8627,-122.3131,-18.792300000000015
2025-04-24 17:41:16.738594,10.17,37.8627,-122.3132,-18.81690000000001
2025-04-24 17:41:17.761545,10.22,37.8627,-122.3132,-18.802000000000014
2025-04-24 17:41:18.754540,10.52,37.8627,-122.3132,-18.735200000000013
2025-04-24 17:41:24.857956,10.63,37.8627,-122.3132,-18.631400000000014
2025-04-24 17:41:25.123341,9.78,37.8627,-122.3132,-18.518600000000013
2025-04-24 17:41:26.228660,10.75,37.8627,-122.3132,-18.397300000000012
2025-04-24 17:41:30.749354,8.95,37.8628,-122.3132,-18.249800000000015
2025-04-24 17:41:31.767730,9.92,37.8628,-122.3132,-18.055000000000014
2025-04-24 17:41:39.899169,9.83,37.8628,-122.3132,-17.840300000000013
2025-04-24 17:41:40.569845,9.08,37.8628,-122.3132,-17.606800000000014
2025-04-24 17:41:41.048144,10.54,37.8628,-122.3132,-17.32920000000001
2025-04-24 17:41:42.025642,10.41,37.8628,-122.3132,-16.991800000000012
2025-04-24 17:41:44.926503,10.18,37.8628,-122.3132,-16.623600000000014
2025-04-24 17:41:46.731031,10.88,37.8628,-122.3132,-16.243200000000012
2025-04-24 17:41:47.804077,10.25,37.8628,-122.3132,-15.869900000000012
2025-04-24 17:41:48.720786,10.17,37.8628,-122.3132,-15.481600000000011
2025-04-24 17:41:55.023347,9.83,37.8628,-122.3132,-15.070900000000012
2025-04-24 17:41:55.599749,9.46,37.8628,-122.3132,-14.65240000000001
2025-04-24 17:41:56.083228,10.66,37.8628,-122.3132,-14.234700000000013
2025-04-24 17:42:00.970982,9.94,37.8629,-122.3132,-13.804700000000011
2025-04-24 17:42:01.843187,10.09,37.8629,-122.3132,-13.36300000000001
2025-04-24 17:42:02.918739,9.72,37.8629,-122.3132,-12.897800000000013
2025-04-24 17:42:10.002513,9.67,37.8629,-122.3132,-12.424500000000013
2025-04-24 17:42:10.675719,10.34,37.8629,-122.3132,-11.963700000000014
2025-04-24 17:42:11.186863,9.69,37.8629,-122.3132,-11.511700000000012
2025-04-24 17:42:12.219550,10.0,37.8629,-122.3132,-11.084300000000011
2025-04-24 17:42:14.941988,9.37,37.8629,-122.3132,-10.647900000000012
2025-04-24 17:42:16.842916,10.26,37.8629,-122.3132,-10.228900000000014
2025-04-24 17:42:17.829637,8.94,37.8629,-122.3132,-9.837300000000011
2025-04-24 17:42:18.804937,8.98,37.8629,-122.3132,-9.454600000000012
2025-04-24 17:42:24.960371,9.62,37.8629,-122.3132,-9.06550000000001
2025-04-24 17:42:25.610399,9.47,37.8629,-122.3132,-8.674700000000012
2025-04-24 17:42:26.075340,10.26,37.8629,-122.3132,-8.316000000000013
2025-04-24 17:42:27.027270,10.41,37.8629,-122.3132,-7.990900000000012
2025-04-24 17:42:30.921351,10.1,37.8629,-122.3132,-7.677100000000012
2025-04-24 17:42:31.911391,9.56,37.8629,-122.3132,-7.396800000000011
2025-04-24 17:42:32.896027,9.33,37.8629,-122.3132,-7.100700000000012
2025-04-24 17:42:40.004450,9.46,37.8629,-122.3132,-6.782300000000012
2025-04-24 17:42:41.181995,8.36,37.8629,-122.3132,-6.479700000000013
2025-04-24 17:42:42.198616,7.64,37.8629,-122.3132,-6.193500000000013
2025-04-24 17:42:45.118133,8.27,37.8629,-122.3132,-5.920000000000012
2025-04-24 17:42:47.065920,9.31,37.8629,-122.3132,-5.633300000000013
2025-04-24 17:42:48.015108,7.91,37.8629,-122.3132,-5.319900000000013
2025-04-24 17:42:48.996913,8.3,37.8629,-122.3132,-5.002400000000013
2025-04-24 17:42:55.062526,8.88,37.8629,-122.3132,-4.682600000000013
2025-04-24 17:42:55.309222,9.95,37.8629,-122.3132,-4.365800000000013
2025-04-24 17:42:56.231573,10.41,37.8629,-122.3132,-4.047000000000013
2025-04-24 17:43:01.147543,10.23,37.8629,-122.3132,-3.7473000000000134
2025-04-24 17:43:01.970841,9.53,37.8629,-122.3132,-3.481000000000013
2025-04-24 17:43:10.124023,8.67,37.8629,-122.3132,-3.244800000000013
2025-04-24 17:43:11.250645,11.77,37.8629,-122.3132,-3.001300000000013
2025-04-24 17:43:12.299714,10.03,37.8629,-122.3132,-2.7797000000000134
2025-04-24 17:43:15.029392,9.34,37.8629,-122.3132,-2.599400000000013
2025-04-24 17:43:16.975717,9.88,37.8629,-122.3132,-2.446500000000013
2025-04-24 17:43:17.979750,9.11,37.8629,-122.3132,-2.303900000000013
2025-04-24 17:43:18.856080,9.62,37.8629,-122.3132,-2.185200000000013
2025-04-24 17:43:25.099985,9.76,37.8629,-122.3132,-2.0623000000000133
2025-04-24 17:43:25.350570,9.77,37.8629,-122.3132,-1.9636000000000131
2025-04-24 17:43:26.278295,10.56,37.8629,-122.3132,-1.867300000000013
2025-04-24 17:43:31.102305,9.11,37.8628,-122.3132,-1.7758000000000131
2025-04-24 17:43:32.117936,9.86,37.8628,-122.3132,-1.7204000000000133
2025-04-24 17:43:40.152642,9.45,37.8628,-122.3132,-1.704500000000013
2025-04-24 17:43:40.389389,9.07,37.8628,-122.3132,-1.709600000000013
2025-04-24 17:43:41.313577,9.52,37.8628,-122.3132,-1.7411000000000132
2025-04-24 17:43:42.369378,9.1,37.8628,-122.3132,-1.7861000000000131
2025-04-24 17:43:47.031729,9.42,37.8628,-122.3132,-1.849400000000013
2025-04-24 17:43:48.014690,9.56,37.8628,-122.3132,-1.9289000000000134
2025-04-24 17:43:48.965219,9.62,37.8628,-122.3132,-2.0156000000000134
2025-04-24 17:43:55.385668,9.49,37.8628,-122.3132,-2.124500000000013
2025-04-24 17:43:56.315694,9.62,37.8628,-122.3132,-2.2465000000000135
2025-04-24 17:44:00.165833,10.01,37.8628,-122.3132,-2.382900000000013
2025-04-24 17:44:01.120837,10.35,37.8628,-122.3132,-2.5287000000000135
2025-04-24 17:44:02.140852,9.32,37.8628,-122.3132,-2.6836000000000135
2025-04-24 17:44:10.369149,9.57,37.8628,-122.3132,-2.8520000000000136
2025-04-24 17:44:10.631965,9.16,37.8628,-122.3132,-3.0259000000000134
2025-04-24 17:44:11.855802,10.03,37.8628,-122.3132,-3.1915000000000138
2025-04-24 17:44:12.292411,10.53,37.8628,-122.3132,-3.3463000000000136
2025-04-24 17:44:15.217918,10.89,37.8628,-122.3132,-3.4922000000000137
2025-04-24 17:44:16.299778,10.85,37.8628,-122.3132,-3.601700000000014
2025-04-24 17:44:17.231336,10.12,37.8628,-122.3132,-3.6909000000000143
2025-04-24 17:44:19.025246,10.45,37.8629,-122.3132,-3.770400000000014
2025-04-24 17:44:25.207819,9.33,37.8629,-122.3132,-3.8469000000000144
2025-04-24 17:44:25.440577,10.03,37.8629,-122.3132,-3.919300000000014
2025-04-24 17:44:30.245861,9.67,37.8629,-122.3132,-4.000200000000014
2025-04-24 17:44:31.243860,9.32,37.8629,-122.3132,-4.094700000000014
2025-04-24 17:44:32.196989,10.05,37.8629,-122.3132,-4.1710000000000145
2025-04-24 17:44:40.292657,9.97,37.8629,-122.3132,-4.247900000000014
2025-04-24 17:44:41.741574,9.19,37.8629,-122.3132,-4.342000000000015
2025-04-24 17:44:42.516622,9.27,37.8629,-122.3132,-4.412800000000015
2025-04-24 17:44:46.248359,9.97,37.8629,-122.3132,-4.447400000000014
2025-04-24 17:44:47.266548,10.23,37.8629,-122.3132,-4.454500000000015
2025-04-24 17:44:48.280147,9.94,37.8629,-122.3132,-4.462600000000014
2025-04-24 17:44:49.261821,10.18,37.8629,-122.3132,-4.454800000000015
2025-04-24 17:44:55.420137,10.4,37.8629,-122.3132,-4.427500000000014
2025-04-24 17:44:55.559348,10.1,37.8629,-122.3132,-4.391100000000015
2025-04-24 17:44:56.535152,9.79,37.8629,-122.3132,-4.358300000000015
2025-04-24 17:45:00.757035,9.73,37.8628,-122.3132,-4.334100000000015
2025-04-24 17:45:01.247314,9.52,37.8628,-122.3132,-4.314200000000015
2025-04-24 17:45:02.241237,9.64,37.8628,-122.3132,-4.282300000000015
2025-04-24 17:45:10.804793,7.77,37.8628,-122.3131,-4.240900000000015
2025-04-24 17:45:11.459078,9.05,37.8628,-122.3131,-4.242700000000015
2025-04-24 17:45:12.391340,7.78,37.8628,-122.3131,-4.265100000000015
2025-04-24 17:45:15.367461,8.45,37.8628,-122.3131,-4.284600000000015
2025-04-24 17:45:16.276191,9.76,37.8628,-122.3131,-4.297800000000015
2025-04-24 17:45:17.217440,9.81,37.8628,-122.3131,-4.297300000000016
2025-04-24 17:45:18.262703,9.17,37.8628,-122.3131,-4.290000000000015
2025-04-24 17:45:19.109495,9.32,37.8628,-122.3131,-4.2952000000000155
2025-04-24 17:45:25.365920,9.33,37.8628,-122.3131,-4.303300000000016
2025-04-24 17:45:25.599733,10.34,37.8628,-122.3131,-4.320900000000015
2025-04-24 17:45:26.503466,8.74,37.8628,-122.3131,-4.342500000000015
2025-04-24 17:45:30.408977,7.91,37.8628,-122.3131,-4.376800000000015
2025-04-24 17:45:31.478571,8.11,37.8628,-122.3131,-4.414900000000015
2025-04-24 17:45:32.411601,9.16,37.8628,-122.3131,-4.441000000000015
2025-04-24 17:45:34.229860,9.61,37.8627,-122.3132,-4.452600000000015
2025-04-24 17:45:40.323582,8.8,37.8627,-122.3132,-4.455700000000015
2025-04-24 17:45:41.596534,8.6,37.8627,-122.3131,-4.459500000000015
2025-04-24 17:45:42.539298,9.67,37.8627,-122.3131,-4.459500000000015
2025-04-24 17:45:45.464915,9.77,37.8627,-122.3131,-4.459600000000015
2025-04-24 17:45:46.274486,8.99,37.8627,-122.3131,-4.453000000000015
2025-04-24 17:45:47.338433,9.45,37.8627,-122.3131,-4.444900000000016
2025-04-24 17:45:48.270890,10.27,37.8627,-122.3131,-4.433400000000015
2025-04-24 17:45:49.228295,10.16,37.8627,-122.3131,-4.4301000000000155
2025-04-24 17:45:55.536372,9.46,37.8627,-122.3131,-4.421900000000016
2025-04-24 17:45:55.666497,8.43,37.8627,-122.3131,-4.417400000000016
2025-04-24 17:45:57.170023,10.42,37.8627,-122.3131,-4.395000000000016
2025-04-24 17:46:02.016921,9.07,37.8627,-122.3131,-4.382500000000015
2025-04-24 17:46:04.732922,8.25,37.8626,-122.313,-4.404400000000015
2025-04-24 17:46:10.605425,8.41,37.8626,-122.313,-4.457400000000016
2025-04-24 17:46:11.615882,9.2,37.8626,-122.313,-4.546000000000015
2025-04-24 17:46:12.622650,8.58,37.8626,-122.313,-4.661400000000015
2025-04-24 17:46:16.395862,8.83,37.8626,-122.313,-4.801300000000015
2025-04-24 17:46:16.457200,10.16,37.8626,-122.313,-4.931500000000015
2025-04-24 17:46:17.407898,7.29,37.8626,-122.313,-5.086800000000015
2025-04-24 17:46:18.940012,9.61,37.8626,-122.313,-5.235300000000015
2025-04-24 17:46:26.521140,9.61,37.8626,-122.313,-5.373100000000015
2025-04-24 17:46:26.682257,8.12,37.8626,-122.313,-5.535100000000015
2025-04-24 17:46:26.781275,7.34,37.8626,-122.313,-5.729800000000014
2025-04-24 17:46:30.611151,6.84,37.8626,-122.313,-5.945300000000015
2025-04-24 17:46:31.557442,8.85,37.8626,-122.313,-6.174100000000014
2025-04-24 17:46:34.339486,8.48,37.8626,-122.313,-6.441100000000015
2025-04-24 17:46:42.762305,7.18,,,-6.758200000000015
2025-04-24 17:46:45.583495,9.37,37.8625,-122.313,-7.087300000000015
2025-04-24 17:46:49.438392,6.57,37.8625,-122.313,-7.475200000000015
2025-04-24 17:46:55.578184,6.97,37.8625,-122.313,-7.918400000000014
2025-04-24 17:46:55.763868,7.27,37.8625,-122.313,-8.402100000000015
2025-04-24 17:46:56.764712,6.86,37.8625,-122.313,-8.913500000000015
2025-04-24 17:47:10.544871,8.7,37.8625,-122.3129,-9.428400000000014
2025-04-24 17:47:11.746741,7.87,37.8625,-122.3129,-9.952700000000014
2025-04-24 17:47:12.846856,9.77,37.8625,-122.3129,-10.476800000000015
2025-04-24 17:47:18.418396,9.38,37.8625,-122.3129,-10.975800000000016
2025-04-24 17:47:25.859157,8.52,37.8625,-122.3129,-11.452900000000014
2025-04-24 17:47:30.547424,9.23,37.8625,-122.313,-11.893000000000015
2025-04-24 17:47:31.519864,9.86,37.8625,-122.313,-12.310100000000014
2025-04-24 17:47:32.603463,9.33,37.8625,-122.313,-12.730300000000014
2025-04-24 17:47:49.429604,11.03,37.8625,-122.3131,-13.145300000000015
2025-04-24 17:47:55.924555,10.54,37.8625,-122.3131,-13.542100000000016
2025-04-24 17:48:00.777525,8.2,37.8625,-122.3131,-13.945700000000016
2025-04-24 17:48:01.638093,8.19,37.8625,-122.3131,-14.356300000000013
2025-04-24 17:48:04.578433,10.28,37.8625,-122.3131,-14.765300000000014
2025-04-24 17:48:11.176893,10.04,37.8626,-122.3131,-15.157600000000016
2025-04-24 17:48:11.912102,10.35,37.8626,-122.3131,-15.506000000000014
2025-04-24 17:48:13.344890,8.66,37.8626,-122.3131,-15.835500000000014
2025-04-24 17:48:15.658104,8.55,37.8626,-122.3131,-16.17200000000002
2025-04-24 17:48:16.654727,9.43,37.8626,-122.3131,-16.511200000000013
2025-04-24 17:48:17.565727,10.19,37.8626,-122.3131,-16.833500000000015
2025-04-24 17:48:18.527703,10.09,37.8626,-122.3131,-17.132700000000014
2025-04-24 17:48:19.484063,9.97,37.8626,-122.3131,-17.430000000000014
2025-04-24 17:48:25.927133,10.37,37.8626,-122.3131,-17.722800000000014
2025-04-24 17:48:30.784422,8.42,37.8626,-122.3132,-18.016300000000015
2025-04-24 17:48:31.778006,10.65,37.8626,-122.3132,-18.296100000000017
2025-04-24 17:48:34.616874,11.77,37.8626,-122.3132,-18.563500000000015
2025-04-24 17:48:41.924409,11.42,37.8626,-122.3132,-18.816400000000016
2025-04-24 17:48:42.827640,10.55,37.8626,-122.3132,-19.059800000000017
2025-04-24 17:48:45.787392,10.27,37.8626,-122.3132,-19.273400000000017
2025-04-24 17:48:46.773265,9.4,37.8626,-122.3132,-19.509800000000016
2025-04-24 17:48:48.703358,11.2,37.8626,-122.3132,-19.715300000000017
2025-04-24 17:48:55.901488,9.24,37.8626,-122.3132,-19.888100000000016
2025-04-24 17:48:56.567289,11.21,37.8626,-122.3132,-20.008100000000017
2025-04-24 17:49:00.792171,8.85,37.8626,-122.3132,-20.115100000000016
2025-04-24 17:49:01.836961,9.75,37.8626,-122.3132,-20.195000000000014
2025-04-24 17:49:03.264788,10.09,37.8626,-122.3132,-20.246100000000016
2025-04-24 17:49:04.697247,10.15,37.8626,-122.3132,-20.305600000000016
2025-04-24 17:49:10.850820,9.9,37.8626,-122.3132,-20.311600000000016
2025-04-24 17:49:11.963734,9.34,37.8626,-122.3132,-20.31970000000002
2025-04-24 17:49:15.889769,9.56,37.8626,-122.3132,-20.331200000000017
2025-04-24 17:49:16.901832,8.93,37.8626,-122.3132,-20.315300000000015
2025-04-24 17:49:17.837867,8.82,37.8626,-122.3132,-20.258300000000016
2025-04-24 17:49:18.856533,10.06,37.8626,-122.3132,-20.145600000000016
2025-04-24 17:49:19.784412,9.69,37.8626,-122.3132,-20.020300000000017
2025-04-24 17:49:25.814008,8.66,37.8626,-122.3132,-19.878300000000017
2025-04-24 17:49:26.041435,9.62,37.8626,-122.3132,-19.681400000000018
2025-04-24 17:49:27.017294,10.07,37.8626,-122.3132,-19.471800000000016
2025-04-24 17:49:30.885931,8.66,37.8626,-122.3132,-19.205200000000016
2025-04-24 17:49:31.861861,10.02,37.8626,-122.3132,-18.873800000000017
2025-04-24 17:49:32.900810,10.75,37.8626,-122.3132,-18.479300000000016
2025-04-24 17:49:34.884088,11.67,37.8627,-122.3132,-18.007400000000015
2025-04-24 17:49:40.878779,10.38,37.8627,-122.3132,-17.508400000000016
2025-04-24 17:49:42.088134,9.77,37.8627,-122.3132,-16.973900000000018
2025-04-24 17:49:43.130519,10.32,37.8627,-122.3132,-16.435200000000016
2025-04-24 17:49:45.896593,9.67,37.8627,-122.3132,-15.909700000000015
2025-04-24 17:49:46.917072,10.3,37.8627,-122.3132,-15.361100000000016
2025-04-24 17:49:47.920734,9.51,37.8627,-122.3132,-14.824200000000015
2025-04-24 17:49:48.792651,10.14,37.8627,-122.3132,-14.298600000000016
2025-04-24 17:49:49.853761,10.58,37.8627,-122.3132,-13.756200000000018
2025-04-24 17:49:56.203562,10.15,37.8626,-122.3132,-13.234800000000016
2025-04-24 17:50:00.983316,10.01,37.8626,-122.3132,-12.732400000000016
2025-04-24 17:50:01.996513,10.05,37.8626,-122.3132,-12.200300000000016
2025-04-24 17:50:04.959309,10.15,37.8626,-122.3132,-11.637200000000016
2025-04-24 17:50:10.924672,10.07,37.8626,-122.3132,-11.075600000000016
2025-04-24 17:50:12.131719,10.1,37.8626,-122.3132,-10.526400000000015
2025-04-24 17:50:13.105821,9.83,37.8626,-122.3132,-10.006800000000016
2025-04-24 17:50:16.038793,10.0,37.8626,-122.3132,-9.479300000000014
2025-04-24 17:50:16.892471,10.06,37.8626,-122.3132,-8.930600000000016
2025-04-24 17:50:17.953702,9.9,37.8626,-122.3132,-8.375400000000015
2025-04-24 17:50:18.899824,9.91,37.8626,-122.3132,-7.836900000000014
2025-04-24 17:50:19.800525,9.7,37.8626,-122.3132,-7.317200000000014
2025-04-24 17:50:26.193048,9.92,37.8627,-122.3132,-6.8010000000000135
2025-04-24 17:50:28.246321,10.03,37.8626,-122.3132,-6.294200000000014
2025-04-24 17:50:31.076427,10.23,37.8626,-122.3132,-5.7636000000000145
2025-04-24 17:50:32.021037,9.76,37.8626,-122.3132,-5.253900000000014
2025-04-24 17:50:34.906431,9.75,37.8627,-122.3132,-4.779400000000014
2025-04-24 17:50:41.058401,10.16,37.8627,-122.3132,-4.330100000000014
2025-04-24 17:50:42.220813,8.69,37.8627,-122.3132,-3.9103000000000137
2025-04-24 17:50:43.178964,9.92,37.8627,-122.3132,-3.5124000000000137
2025-04-24 17:50:46.076490,9.25,37.8627,-122.3132,-3.1058000000000137
2025-04-24 17:50:47.040517,10.99,37.8627,-122.3132,-2.7226000000000132
2025-04-24 17:50:48.026375,8.16,37.8627,-122.3132,-2.3601000000000134
2025-04-24 17:50:48.984324,11.15,37.8627,-122.3132,-2.026200000000013
2025-04-24 17:50:49.905560,11.25,37.8627,-122.3132,-1.6648000000000132
2025-04-24 17:50:56.344731,10.66,37.8627,-122.3132,-1.306000000000013
2025-04-24 17:50:58.255171,10.28,37.8628,-122.3133,-0.9579000000000129
2025-04-24 17:51:01.125944,9.84,37.8628,-122.3133,-0.6128000000000127
2025-04-24 17:51:02.042001,8.84,37.8628,-122.3133,-0.30440000000001255
2025-04-24 17:51:05.019921,8.6,37.8629,-122.3133,-0.0007000000000124962
2025-04-24 17:51:11.092926,9.71,37.8629,-122.3133,0.3049999999999876
2025-04-24 17:51:12.280214,9.12,37.8629,-122.3133,0.6044999999999877
2025-04-24 17:51:13.179700,11.04,37.8629,-122.3133,0.9113999999999878
2025-04-24 17:51:16.129050,10.18,37.8629,-122.3133,1.1872999999999878
2025-04-24 17:51:17.203698,10.99,37.8629,-122.3133,1.4677999999999878
2025-04-24 17:51:18.187488,9.97,37.8629,-122.3133,1.7595999999999878
2025-04-24 17:51:20.109342,9.96,37.863,-122.3133,2.030399999999988
2025-04-24 17:51:26.149175,9.91,37.863,-122.3133,2.2925999999999878
2025-04-24 17:51:26.321789,9.87,37.863,-122.3133,2.545999999999988
2025-04-24 17:51:31.072831,9.93,37.863,-122.3133,2.7679999999999882
2025-04-24 17:51:32.128993,9.83,37.863,-122.3133,2.945999999999988
2025-04-24 17:51:35.481873,9.92,37.863,-122.3133,3.0583999999999882
2025-04-24 17:51:41.168267,9.95,37.863,-122.3133,3.149699999999988
2025-04-24 17:51:42.400986,9.99,37.863,-122.3133,3.224199999999988
2025-04-24 17:51:46.142675,9.99,37.863,-122.3133,3.2898999999999887
2025-04-24 17:51:47.071451,9.82,37.863,-122.3133,3.354199999999988
2025-04-24 17:51:48.089594,9.93,37.863,-122.3133,3.3969999999999887
2025-04-24 17:51:48.958912,9.99,37.863,-122.3133,3.4417999999999886
2025-04-24 17:51:50.471740,9.9,37.863,-122.3133,3.4813999999999887
2025-04-24 17:51:56.409183,9.98,37.863,-122.3133,3.5024999999999884
2025-04-24 17:51:58.316154,9.94,37.863,-122.3133,3.530299999999989
2025-04-24 17:52:01.194685,10.12,37.863,-122.3133,3.5644999999999882
2025-04-24 17:52:02.143105,9.99,37.863,-122.3133,3.5795999999999886
2025-04-24 17:52:05.456096,10.01,37.863,-122.3133,3.573699999999988
2025-04-24 17:52:11.185337,10.03,37.863,-122.3133,3.5694999999999886
2025-04-24 17:52:12.421886,9.93,37.863,-122.3133,3.562999999999988
2025-04-24 17:52:13.446078,9.93,37.863,-122.3133,3.562699999999989
2025-04-24 17:52:16.295410,9.95,37.863,-122.3133,3.5484999999999878
2025-04-24 17:52:17.358138,9.93,37.863,-122.3133,3.517899999999988
2025-04-24 17:52:18.266442,9.94,37.863,-122.3133,3.4829999999999885
2025-04-24 17:52:19.225720,9.93,37.863,-122.3133,3.4510999999999883
2025-04-24 17:52:20.101228,9.94,37.863,-122.3133,3.425499999999988
2025-04-24 17:52:26.561196,9.96,37.863,-122.3133,3.4007999999999883
2025-04-24 17:52:28.482103,9.95,37.863,-122.3133,3.378699999999988
2025-04-24 17:52:31.269215,9.98,37.863,-122.3133,3.335999999999988
2025-04-24 17:52:32.289278,9.94,37.863,-122.3133,3.303999999999987
2025-04-24 17:52:35.068006,9.9,37.863,-122.3133,3.293699999999988
2025-04-24 17:52:41.298795,9.92,37.863,-122.3133,3.293599999999987
2025-04-24 17:52:42.457644,9.9,37.863,-122.3133,3.324199999999987
2025-04-24 17:52:43.427094,9.94,37.863,-122.3133,3.3584999999999874
2025-04-24 17:52:46.329147,9.95,37.863,-122.3133,3.401299999999987
2025-04-24 17:52:47.220682,9.95,37.863,-122.3133,3.4357999999999875
2025-04-24 17:52:48.183534,9.95,37.863,-122.3133,3.498999999999987
2025-04-24 17:52:49.190913,9.95,37.863,-122.3133,3.550799999999987
2025-04-24 17:52:50.240271,9.91,37.863,-122.3133,3.5651999999999866
2025-04-24 17:52:56.574362,9.99,37.863,-122.3133,3.5637999999999863
2025-04-24 17:52:58.477080,9.95,37.863,-122.3133,3.557199999999986
2025-04-24 17:53:01.354675,10.01,37.863,-122.3133,3.555399999999986
2025-04-24 17:53:02.346350,9.88,37.863,-122.3133,3.574599999999986
2025-04-24 17:53:04.353348,9.95,37.863,-122.3133,3.6146999999999863
2025-04-24 17:53:05.270264,9.93,37.863,-122.3133,3.6554999999999866
2025-04-24 17:53:11.274038,9.93,37.863,-122.3133,3.7024999999999864
2025-04-24 17:53:11.565928,9.94,37.863,-122.3133,3.716299999999986
2025-04-24 17:53:12.520482,9.97,37.863,-122.3133,3.7267999999999857
2025-04-24 17:53:13.452665,9.89,37.863,-122.3133,3.713299999999986
2025-04-24 17:53:17.413679,9.9,37.863,-122.3133,3.6859999999999857
2025-04-24 17:53:18.384137,9.92,37.863,-122.3133,3.654899999999986
2025-04-24 17:53:19.326202,9.91,37.863,-122.3133,3.6253999999999857
2025-04-24 17:53:26.399044,9.93,37.863,-122.3133,3.5843999999999854
2025-04-24 17:53:26.553508,9.92,37.863,-122.3133,3.544199999999985
2025-04-24 17:53:28.526171,9.85,37.863,-122.3133,3.513399999999985
2025-04-24 17:53:31.439056,9.91,37.863,-122.3133,3.499999999999985
2025-04-24 17:53:32.376000,9.96,37.863,-122.3133,3.4909999999999846
2025-04-24 17:53:34.187011,9.92,37.863,-122.3133,3.4790999999999848
2025-04-24 17:53:35.192093,9.9,37.863,-122.3133,3.4695999999999847
2025-04-24 17:53:41.367754,9.93,37.863,-122.3133,3.459699999999985
2025-04-24 17:53:42.559420,9.84,37.863,-122.3133,3.452599999999985
2025-04-24 17:53:43.534797,9.91,37.863,-122.3133,3.4398999999999846
2025-04-24 17:53:47.396541,9.95,37.863,-122.3133,3.4300999999999853
2025-04-24 17:53:48.372192,9.87,37.863,-122.3133,3.4251999999999847
2025-04-24 17:53:49.233205,9.92,37.863,-122.3133,3.4221999999999846
2025-04-24 17:53:50.215418,9.93,37.863,-122.3133,3.4161999999999844
2025-04-24 17:53:56.660521,9.9,37.863,-122.3133,3.409899999999985
2025-04-24 17:53:58.679325,9.88,37.863,-122.3133,3.403699999999984
2025-04-24 17:54:01.907601,9.91,37.863,-122.3133,3.396699999999984
2025-04-24 17:54:02.423881,9.93,37.863,-122.3133,3.3913999999999844
2025-04-24 17:54:04.325276,9.93,37.863,-122.3133,3.3850999999999845
2025-04-24 17:54:05.319123,9.92,37.863,-122.3133,3.3789999999999845
2025-04-24 17:54:11.442298,9.93,37.863,-122.3133,3.374199999999985
2025-04-24 17:54:11.647454,9.91,37.863,-122.3133,3.368699999999984
2025-04-24 17:54:12.639164,9.92,37.863,-122.3133,3.3628999999999842
2025-04-24 17:54:13.651580,9.92,37.863,-122.3133,3.3544999999999847
2025-04-24 17:54:16.526543,9.91,37.863,-122.3133,3.345199999999984
2025-04-24 17:54:17.561709,9.92,37.863,-122.3133,3.3363999999999847
2025-04-24 17:54:18.418655,9.94,37.863,-122.3133,3.329699999999984
2025-04-24 17:54:19.422672,9.97,37.863,-122.3133,3.321499999999985
2025-04-24 17:54:20.459193,9.85,37.863,-122.3133,3.311299999999984
2025-04-24 17:54:26.764627,9.83,37.863,-122.3133,3.302599999999985
2025-04-24 17:54:28.640915,9.92,37.863,-122.3133,3.2819999999999845
2025-04-24 17:54:31.598607,10.03,37.863,-122.3133,3.2620999999999847
2025-04-24 17:54:32.546172,10.04,37.863,-122.3133,3.236099999999984
2025-04-24 17:54:34.481246,9.81,37.863,-122.3133,3.2190999999999845
2025-04-24 17:54:35.480871,9.89,37.863,-122.3133,3.1835999999999847
2025-04-24 17:54:41.563953,9.9,37.863,-122.3133,3.1595999999999846
2025-04-24 17:54:41.825606,9.92,37.863,-122.3133,3.1490999999999847
2025-04-24 17:54:42.727330,9.88,37.863,-122.3133,3.1441999999999846
2025-04-24 17:54:43.695148,9.89,37.863,-122.3133,3.1419999999999844
2025-04-24 17:54:46.537600,9.91,37.863,-122.3133,3.137099999999985
2025-04-24 17:54:47.521221,9.91,37.863,-122.3133,3.122099999999985
2025-04-24 17:54:48.476541,9.92,37.863,-122.3133,3.093299999999985
2025-04-24 17:54:49.410190,9.92,37.863,-122.3133,3.062199999999985
2025-04-24 17:54:50.440797,9.91,37.863,-122.3133,3.022799999999985
2025-04-24 17:54:56.836983,9.91,37.863,-122.3133,2.9940999999999853
2025-04-24 17:54:58.692944,9.91,37.863,-122.3133,2.966899999999985
2025-04-24 17:55:01.546705,9.9,37.863,-122.3133,2.950799999999986
2025-04-24 17:55:04.306337,9.91,37.863,-122.3133,2.9354999999999856
2025-04-24 17:55:05.342447,9.92,37.863,-122.3133,2.920599999999985
2025-04-24 17:55:11.898123,9.91,37.863,-122.3133,2.9056999999999857
2025-04-24 17:55:12.827580,9.92,37.863,-122.3133,2.8900999999999857
2025-04-24 17:55:13.814989,9.91,37.863,-122.3133,2.874499999999986
2025-04-24 17:55:17.529581,9.92,37.863,-122.3133,2.8593999999999857
2025-04-24 17:55:18.516347,9.92,37.863,-122.3133,2.844499999999986
2025-04-24 17:55:19.555827,9.93,37.863,-122.3133,2.8291999999999864
2025-04-24 17:55:26.816988,9.86,37.863,-122.3133,2.8139999999999863
2025-04-24 17:55:28.761893,9.95,37.863,-122.3133,2.800199999999986
2025-04-24 17:55:31.668065,9.89,37.863,-122.3133,2.784899999999986
2025-04-24 17:55:33.500156,9.88,37.863,-122.3133,2.7708999999999864
2025-04-24 17:55:34.461618,9.9,37.863,-122.3133,2.7575999999999863
2025-04-24 17:55:35.486035,9.9,37.863,-122.3133,2.7432999999999863
2025-04-24 17:55:41.658033,9.91,37.863,-122.3133,2.7304999999999864
2025-04-24 17:55:41.894390,9.93,37.863,-122.3133,2.7179999999999866
2025-04-24 17:55:42.918569,9.94,37.863,-122.3133,2.7074999999999867
2025-04-24 17:55:43.801289,9.94,37.863,-122.3133,2.698299999999987
2025-04-24 17:55:47.678315,9.93,37.863,-122.3133,2.6908999999999867
2025-04-24 17:55:48.695186,9.93,37.863,-122.3133,2.684899999999987
2025-04-24 17:55:49.712597,9.93,37.863,-122.3133,2.678899999999987
2025-04-24 17:55:50.619513,9.93,37.863,-122.3133,2.672899999999987
2025-04-24 17:55:56.894176,10.0,37.863,-122.3133,2.6679999999999873
2025-04-24 17:55:58.684434,9.93,37.863,-122.3133,2.663099999999987
2025-04-24 17:56:01.740420,9.94,37.863,-122.3133,2.6587999999999874
2025-04-24 17:56:02.590978,9.95,37.863,-122.3133,2.654899999999987
2025-04-24 17:56:04.586305,9.9,37.863,-122.3133,2.6509999999999874
2025-04-24 17:56:05.474736,9.93,37.863,-122.3133,2.6477999999999873
2025-04-24 17:56:11.728602,9.93,37.863,-122.3133,2.6449999999999876
2025-04-24 17:56:11.946387,9.92,37.863,-122.3133,2.6423999999999874
2025-04-24 17:56:12.945003,9.94,37.863,-122.3133,2.6391999999999873
2025-04-24 17:56:16.719178,9.93,37.863,-122.3133,2.6372999999999878
2025-04-24 17:56:17.643081,9.95,37.863,-122.3133,2.6374999999999877
2025-04-24 17:56:18.567878,9.95,37.863,-122.3133,2.637799999999987
2025-04-24 17:56:19.600142,9.93,37.863,-122.3133,2.636199999999987
2025-04-24 17:56:20.542206,9.93,37.863,-122.3133,2.632599999999987
2025-04-24 17:56:27.013603,9.98,37.863,-122.3133,2.6320999999999874
2025-04-24 17:56:28.898811,9.93,37.863,-122.3133,2.632599999999987
2025-04-24 17:56:31.696356,9.93,37.863,-122.3133,2.6338999999999877
2025-04-24 17:56:32.711402,9.93,37.863,-122.3133,2.6351999999999873
2025-04-24 17:56:34.536713,9.87,37.863,-122.3133,2.6374999999999877
2025-04-24 17:56:35.505109,9.9,37.863,-122.3133,2.6404999999999874
2025-04-24 17:56:41.702805,9.89,37.863,-122.3133,2.6442999999999874
2025-04-24 17:56:41.952265,9.94,37.863,-122.3133,2.648099999999987
2025-04-24 17:56:42.906429,9.94,37.863,-122.3133,2.6523999999999868
2025-04-24 17:56:43.869888,9.94,37.863,-122.3133,2.6569999999999867
2025-04-24 17:56:47.807671,9.93,37.863,-122.3133,2.661999999999987
2025-04-24 17:56:48.667742,9.94,37.863,-122.3133,2.667599999999987
2025-04-24 17:56:49.692483,9.93,37.863,-122.3133,2.6739999999999866
2025-04-24 17:56:56.978402,9.94,37.863,-122.3133,2.6806999999999865
2025-04-24 17:56:58.984382,9.91,37.863,-122.3133,2.6872999999999867
2025-04-24 17:57:01.785480,9.94,37.863,-122.3133,2.6940999999999864
2025-04-24 17:57:04.565264,9.93,37.863,-122.3133,2.7010999999999865
2025-04-24 17:57:05.516416,9.93,37.863,-122.3133,2.708299999999986
2025-04-24 17:57:11.897032,9.93,,,2.715799999999986
2025-04-24 17:57:12.043655,9.93,,,2.7226999999999864
2025-04-24 17:57:13.015433,9.94,,,2.7296999999999856
2025-04-24 17:57:14.015603,9.94,,,2.7370999999999857
2025-04-24 17:57:17.855223,9.93,37.863,-122.3133,2.745799999999986
2025-04-24 17:57:18.783191,9.94,37.863,-122.3133,2.7538999999999856
2025-04-24 17:57:19.777181,9.93,37.863,-122.3133,2.7627999999999853
2025-04-24 17:57:27.120003,9.93,37.863,-122.3133,2.771799999999985
2025-04-24 17:57:29.084701,9.94,37.863,-122.3133,2.7812999999999852
2025-04-24 17:57:31.835156,9.93,37.863,-122.3133,2.7915999999999848
2025-04-24 17:57:34.760266,9.92,37.863,-122.3133,2.801599999999985
2025-04-24 17:57:41.928858,9.93,37.863,-122.3133,2.8114999999999846
2025-04-24 17:57:42.157826,9.94,37.863,-122.3133,2.8212999999999844
2025-04-24 17:57:43.085708,9.91,37.863,-122.3133,2.830399999999984
2025-04-24 17:57:44.042833,9.92,37.863,-122.3133,2.838899999999984
2025-04-24 17:57:47.774597,9.99,37.863,-122.3133,2.847799999999984
2025-04-24 17:57:48.742100,9.9,37.863,-122.3133,2.856399999999984
2025-04-24 17:57:49.649896,9.92,37.863,-122.3133,2.8648999999999836
2025-04-24 17:57:50.684548,9.9,37.863,-122.3133,2.871599999999984
2025-04-24 17:57:57.186257,9.92,37.863,-122.3133,2.8781999999999837
2025-04-24 17:57:59.087927,9.91,37.863,-122.3133,2.8841999999999834
2025-04-24 17:58:01.953925,9.89,37.863,-122.3133,2.8892999999999835
2025-04-24 17:58:02.977546,9.9,37.863,-122.3133,2.894599999999983
2025-04-24 17:58:04.936212,9.89,37.863,-122.3133,2.8992999999999833
2025-04-24 17:58:05.839842,9.92,37.863,-122.3133,2.903799999999983
2025-04-24 17:58:11.998884,9.91,37.863,-122.3133,2.908399999999983
2025-04-24 17:58:12.183024,9.92,37.863,-122.3133,2.913099999999983
2025-04-24 17:58:13.162296,9.91,37.863,-122.3133,2.916799999999983
2025-04-24 17:58:14.064557,9.91,37.863,-122.3133,2.9188999999999825
2025-04-24 17:58:17.943479,9.92,37.863,-122.3133,2.9203999999999826
2025-04-24 17:58:18.989192,9.93,37.863,-122.3133,2.9228999999999825
2025-04-24 17:58:19.880633,9.91,37.863,-122.3133,2.9262999999999826
2025-04-24 17:58:27.228754,9.89,37.863,-122.3133,2.9270999999999825
2025-04-24 17:58:28.255684,9.89,37.863,-122.3133,2.9270999999999825
2025-04-24 17:58:29.265485,9.9,37.863,-122.3133,2.926499999999982
2025-04-24 17:58:32.075496,9.91,37.863,-122.3133,2.9255999999999824
2025-04-24 17:58:34.986367,9.91,37.863,-122.3133,2.9251999999999825
2025-04-24 17:58:35.925599,9.9,37.863,-122.3133,2.9246999999999828
2025-04-24 17:58:42.098974,9.91,37.863,-122.3133,2.9245999999999825
2025-04-24 17:58:42.256066,9.92,37.863,-122.3133,2.9239999999999826
2025-04-24 17:58:43.231301,9.92,37.863,-122.3133,2.9229999999999827
2025-04-24 17:58:44.274616,9.91,37.863,-122.3133,2.921499999999983
2025-04-24 17:58:48.154232,9.93,37.863,-122.3133,2.9197999999999826
2025-04-24 17:58:49.033498,9.93,37.863,-122.3133,2.917699999999983
2025-04-24 17:58:49.990932,9.93,37.863,-122.3133,2.915399999999983
2025-04-24 17:58:57.278220,9.94,37.863,-122.3133,2.9126999999999827
2025-04-24 17:58:58.327649,9.93,37.863,-122.3133,2.910199999999983
2025-04-24 17:58:59.190583,9.94,37.863,-122.3133,2.9074999999999833
2025-04-24 17:59:02.104929,9.94,37.863,-122.3133,2.904699999999983
2025-04-24 17:59:05.033990,9.92,37.863,-122.3133,2.901699999999983
2025-04-24 17:59:06.056398,9.93,37.863,-122.3133,2.8984999999999834
2025-04-24 17:59:12.064397,9.94,37.863,-122.3133,2.8952999999999833
2025-04-24 17:59:12.329772,9.92,37.863,-122.3133,2.8916999999999837
2025-04-24 17:59:13.237443,9.92,37.863,-122.3133,2.8877999999999835
2025-04-24 17:59:14.235762,9.94,37.863,-122.3133,2.8832999999999833
2025-04-24 17:59:18.111144,9.94,37.863,-122.3133,2.878899999999984
2025-04-24 17:59:19.145326,9.94,37.863,-122.3133,2.874199999999984
2025-04-24 17:59:20.095627,9.93,37.863,-122.3133,2.8689999999999842
2025-04-24 17:59:21.102445,9.94,37.863,-122.3133,2.863399999999984
2025-04-24 17:59:27.361843,9.93,37.863,-122.3133,2.857499999999985
2025-04-24 17:59:28.266054,9.93,37.863,-122.3133,2.8515999999999844
2025-04-24 17:59:29.246591,9.94,37.863,-122.3133,2.8457999999999846
2025-04-24 17:59:32.175385,9.92,37.863,-122.3133,2.839799999999985
2025-04-24 17:59:35.466638,9.94,37.863,-122.3133,2.834399999999985
2025-04-24 17:59:35.973905,9.91,37.863,-122.3133,2.828999999999985
2025-04-24 17:59:42.234930,9.93,37.863,-122.3133,2.822399999999985
2025-04-24 17:59:42.424146,9.93,37.863,-122.3133,2.816399999999985
2025-04-24 17:59:43.444115,9.92,37.863,-122.3133,2.8104999999999856
2025-04-24 17:59:44.429141,9.94,37.863,-122.3133,2.8059999999999854
2025-04-24 17:59:48.180905,9.97,37.863,-122.3133,2.802099999999985
2025-04-24 17:59:49.137291,9.99,37.863,-122.3133,2.7992999999999855
2025-04-24 17:59:50.173561,9.93,37.863,-122.3133,2.7974999999999857
2025-04-24 17:59:57.387401,9.94,37.863,-122.3133,2.796099999999986
2025-04-24 17:59:58.356636,9.93,37.863,-122.3133,2.7954999999999854
2025-04-24 17:59:59.313883,9.94,37.863,-122.3133,2.7951999999999857
2025-04-24 18:00:02.203691,9.94,37.863,-122.3133,2.795299999999986
2025-04-24 18:00:04.988595,9.95,37.863,-122.3133,2.795899999999986
2025-04-24 18:00:06.020652,9.93,37.863,-122.3133,2.7968999999999857
2025-04-24 18:00:12.240628,9.93,37.863,-122.3133,2.7984999999999856
2025-04-24 18:00:12.457718,9.93,37.863,-122.3133,2.800499999999986
2025-04-24 18:00:13.401299,9.92,37.863,-122.3133,2.802399999999986
2025-04-24 18:00:14.368148,9.92,37.863,-122.3133,2.8045999999999855
2025-04-24 18:00:18.211470,9.91,37.863,-122.3133,2.8078999999999854
2025-04-24 18:00:19.149790,9.93,37.863,-122.3133,2.8119999999999856
2025-04-24 18:00:20.071684,9.92,37.863,-122.3133,2.8165999999999856
2025-04-24 18:00:27.427362,9.93,37.863,-122.3133,2.8215999999999855
2025-04-24 18:00:28.378047,9.92,37.863,-122.3133,2.826299999999985
2025-04-24 18:00:29.286827,9.92,37.863,-122.3133,2.8311999999999853
2025-04-24 18:00:32.259179,9.93,37.863,-122.3133,2.836099999999985
2025-04-24 18:00:33.148117,9.91,37.863,-122.3133,2.8410999999999853
2025-04-24 18:00:35.277830,9.9,37.863,-122.3133,2.8460999999999848
2025-04-24 18:00:36.183244,9.9,37.863,-122.3133,2.851299999999985
2025-04-24 18:00:42.348805,9.89,37.863,-122.3133,2.8560999999999845
2025-04-24 18:00:42.557220,9.93,37.863,-122.3133,2.8609999999999847
2025-04-24 18:00:43.460104,9.92,37.863,-122.3133,2.865799999999985
2025-04-24 18:00:48.704311,9.93,37.863,-122.3133,2.8704999999999847
2025-04-24 18:00:49.168010,9.92,37.863,-122.3133,2.8748999999999847
2025-04-24 18:00:50.141536,9.92,37.863,-122.3133,2.8790999999999842
2025-04-24 18:00:57.544269,9.92,37.863,-122.3133,2.882999999999984
2025-04-24 18:00:58.551286,9.91,37.863,-122.3133,2.886899999999984
2025-04-24 18:00:59.500526,9.92,37.863,-122.3133,2.890699999999984
2025-04-24 18:01:02.336322,9.85,37.863,-122.3133,2.8934999999999844
2025-04-24 18:01:04.229652,9.83,37.863,-122.3133,2.895599999999984
2025-04-24 18:01:05.244494,9.85,37.863,-122.3133,2.897199999999984
2025-04-24 18:01:06.156446,9.9,37.863,-122.3133,2.898299999999984
2025-04-24 18:01:12.305410,9.89,37.863,-122.3133,2.8988999999999843
2025-04-24 18:01:12.502852,9.94,37.863,-122.3133,2.8993999999999835
2025-04-24 18:01:13.512867,9.93,37.863,-122.3133,2.8998999999999837
2025-04-24 18:01:14.455644,9.94,37.863,-122.3133,2.900399999999984
2025-04-24 18:01:18.314625,9.94,37.863,-122.3133,2.9009999999999834
2025-04-24 18:01:19.223359,9.95,37.863,-122.3133,2.9016999999999835
2025-04-24 18:01:20.188103,9.94,37.863,-122.3133,2.9022999999999834
2025-04-24 18:01:27.575188,9.93,37.863,-122.3133,2.903199999999983
2025-04-24 18:01:28.601361,9.94,37.863,-122.3133,2.9037999999999835
2025-04-24 18:01:29.613992,9.94,37.863,-122.3133,2.904799999999983
2025-04-24 18:01:32.291001,9.94,37.863,-122.3133,2.9064999999999834
2025-04-24 18:01:34.249109,9.93,37.863,-122.3133,2.9078999999999833
2025-04-24 18:01:35.225549,9.94,37.863,-122.3133,2.909499999999983
2025-04-24 18:01:36.256460,9.93,37.863,-122.3133,2.910599999999983
2025-04-24 18:01:42.332350,9.93,37.863,-122.3133,2.910799999999983
2025-04-24 18:01:42.634085,9.93,37.863,-122.3133,2.9095999999999833
2025-04-24 18:01:43.500175,9.93,37.863,-122.3133,2.9079999999999826
2025-04-24 18:01:44.479338,9.92,37.863,-122.3133,2.905799999999983
2025-04-24 18:01:48.391139,9.94,37.863,-122.3133,2.903299999999983
2025-04-24 18:01:49.349584,9.94,37.863,-122.3133,2.900599999999983
2025-04-24 18:01:50.340006,9.94,37.863,-122.3133,2.897599999999983
